,Age,Body Mass Index,Number of Children,Expenses
Age,1.0,0.10934361041896888,0.04153621001636624,0.2983082125097863
Body Mass Index,0.10934361041896888,1.0,0.0127546575133952,0.19840083122624932
Number of Children,0.04153621001636624,0.0127546575133952,1.0,0.06738935083963248
Expenses,0.2983082125097863,0.19840083122624932,0.06738935083963248,1.0
